<project name="DVN-EAR-impl" default="build" basedir=".." xmlns:ear2="http://www.netbeans.org/ns/j2ee-earproject/2">
    <import file="ant-deploy.xml"/>
    <target name="default" depends="run-deploy" description="Deploy project."/>
    <target name="init-private" >
        <property file="private.properties"/>
    </target>
    <target name="init-project" depends="init-private">
        <property file="project.properties"/>
    </target>
    <target name="run-deploy" depends="init-project,-init-deploy-ant,-deploy-ant"/>
    <target name="-init-deploy-ant" unless="netbeans.home">
        <property name="deploy.ant.archive" value="${dist.jar}"/>
        <property name="deploy.ant.resource.dir" value="${resource.dir}"/>
        <property name="deploy.ant.enabled" value="true"/>
    </target>
    <target name="run-undeploy" depends="-init-deploy-ant,-undeploy-ant"/>
</project>
